{
  "reference_model": "gpt-4o",
  "generated_at": "2026-07-21T05:54:54.896765+00:00",
  "verdict": "PASS",
  "n_queries": 600,
  "wealth": 2.629807009865e-86,
  "peak_wealth": 1.0,
  "threshold": 100.0,
  "alpha": 0.01,
  "delta": 0.360147484389472,
  "aggregate_jsd": 0.09553216235598405,
  "per_cell_jsd": {
    "coin_flip::en": 0.06433818214639685,
    "rand_city::en": 0.04787415131240144,
    "rand_animal::ru": 0.194209406403113,
    "rand_num_10::ar": 0.14103426267459923,
    "fav_color::ar": 0.00226366644970305,
    "coin_flip::zh": 0.0013204282408605574,
    "rand_num_100::ru": 0.044278026131023114,
    "rand_animal::ar": 0.02645785978134845,
    "rand_city::ru": 0.1880793212059793,
    "fav_num::ru": 0.026552308433023725,
    "fav_num::zh": 0.03221357089614452,
    "rand_city::ar": 0.04362168625769377,
    "rand_num_100::zh": 0.16440701304451938,
    "rand_letter::zh": 0.05047292322201211,
    "rand_color::en": 0.19180964905484696,
    "coin_flip::ar": 0.01136888029959569,
    "fav_num::ar": 0.05470837195510835,
    "rand_num_10::zh": 0.014124319003571272,
    "fav_color::zh": 0.03477049691353065,
    "fav_num::en": 0.10304559611785898,
    "rand_color::zh": 0.08854781079381066,
    "rand_animal::en": 0.19507248702443625,
    "rand_letter::ar": 0.14254377288484846,
    "rand_color::ru": 0.2534824470135488,
    "fav_color::ru": 0.016083401807351492,
    "rand_num_100::ar": 0.18284164862799113,
    "coin_flip::ru": 0.01652791905170125,
    "rand_num_100::en": 0.12560310609870817,
    "rand_letter::ru": 0.19128871366778083,
    "rand_animal::zh": 0.0872438866431656,
    "rand_num_10::en": 0.06846447896105246,
    "rand_num_10::ru": 0.13732258506160983,
    "fav_color::en": 0.03147238044615697,
    "rand_color::ar": 0.17435034734534646,
    "rand_city::zh": 0.1906802898629565,
    "rand_letter::en": 0.10068244998163067
  },
  "cache_flags": [],
  "model_fields_seen": {
    "gpt-4o": 600
  },
  "errors": 0,
  "detail": "预算内始终未越界，未发现注水证据（在给定 α/δ 下与参考一致）。"
}